fname,lname
Blake,Neidig
Genevie,Solar
Anderson,Boyden
Agripina,Macha
Marianela,Lairsey
Elvis,Pacheo
Tierra,Herwig
Arlen,Daughtry
Clyde,Forman
Davina,Mcmillan
Taneka,Felkins
Raisa,Vanwingerden
Elli,Dials
Jolanda,Goris
Lady,Hepler
Masako,Gosney
Mayme,Atienza
Renea,Jacquet
Miki,Gilley
Racheal,Schatz
Rico,Maselli
Patria,Threlkeld
Dani,Mefford
Melodie,Southers
Maryjo,Ranallo
Kaila,Leet
Bruno,Neuberger
Yevette,Seavey
Sherrill,Knorr
Malka,Melin
Shantel,Tindall
Mellie,Winkle
Lilian,Haro
Graham,Kirtley
Joni,Newcomer
Hosea,Parham
Shelton,Winship
Vickie,Peavey
Celsa,Pyper
Cherilyn,Craghead
Denis,Hallam
Rashida,Joly
Elsa,Gibson
Iesha,Ting
Vada,Sereno
Florencia,Hornick
Lina,Burciaga
Youlanda,Barre
Lawrence,Standish
Deedee,Silver
Jeanett,Plain
Odessa,Janecek
Madelyn,Hannibal
Darrel,Twombly
Isabelle,Mckendree
Mallory,Melius
Eveline,Holyfield
Teena,Daves
Miquel,Milne
Sigrid,Mcferron
Roderick,Rone
Van,Ireland
Lillie,Stiles
Gaynelle,Tolliver
Joshua,Wisener
Michael,Oboyle
Audrea,Ayres
Marquis,Bouie
Ronnie,Orick
Robyn,Haring
Maryetta,Donald
Kelsey,Pinzon
Sherie,Landrum
Elsie,Schimmel
Trish,Walk
Refugio,Henriksen
Kurt,Luechtefeld
Mozell,Wilder
Glennis,Dean
Vennie,Boose
Mayola,Brunkhorst
Karisa,Tyrrell
Edmundo,Hooper
Maricruz,Laperle
Blanche,Colonna
Maira,Celestine
Antoine,Rosendahl
Vincent,Barrick
Leana,Basco
Cristi,Salcido
Titus,Macneil
Hyo,Beatrice
Luella,Carnegie
Erna,Mccombs
Jina,Center
Arnold,Haugh
Bee,Bogart
Aracelis,Pascal
Melissia,Weymouth
Bret,Bolden
Jaymie,Temme
Charley,Dickie
Dana,Lybrand
Terese,Farabaugh
Zenobia,Nygaard
Marin,Fortune
Ela,Broadwell
Phylis,Ricard
Ashely,Torrez
Kathy,Enochs
Newton,Alcorn
Macie,Lineman
Candi,Cavins
Vannesa,Pulver
Eleanor,Stilwell
Yadira,Hillier
Stacy,Twist
Erlene,Sievers
Bernard,Lenig
Inga,Seidell
Ngoc,Ranger
Shawanna,Berlin
Nicolle,Mcbean
Sunday,Jessop
Patrina,Raphael
Shawnta,Deibler
Winston,Blatt
Luana,Stallone
Dina,Parkhurst
Tomi,Wrigley
Cherly,Persons
Delena,Difiore
Leisa,Dyar
Dee,Perreault
Florentina,Dufresne
Josefine,Jeffcoat
Whitney,Degraff
Rosalie,Mcgown
Dalton,Villela
Kellee,Rew
Santos,Figg
Mammie,Eshelman
Sommer,Yzaguirre
Maddie,Feltz
Esta,Byerley
Maren,Knapik
Caren,Heater
Javier,Mcquiston
Evon,Chica
Maribel,Vaccaro
Irene,Garwood
Celine,Luckett
Shawnee,Janz
Gwenn,Suggs
Krissy,Vicks
Carleen,Riner
Wendie,Dorner
Hiram,Seaberg
Fidel,Ried
Tianna,Iraheta
Maida,Neider
Alba,Edens
Randi,Alvidrez
Lesia,Drumheller
Sherrie,Duprey
Jestine,Podkowka
Eura,Leisy
Jacquelynn,Rentschler
Roseline,Dorothy
Rosy,Satterthwaite
Maribel,Wilhelm
Lance,Alloway
Jonell,Jenkins
Kraig,Adamo
Gia,Deese
Felecia,Palafox
Jule,Wirth
Bertram,Gaulke
Elvia,Morgado
Marya,Stalnaker
Cheyenne,Ferrel
Reuben,Lundquist
Jeniffer,Sandavol
Curt,Hoff
Monte,Maus
Robbyn,Blowers
Kayla,Rick
Ariana,Hopkin
Darrell,Kitterman
Ka,Picken
Lorie,Huggett
Concepcion,Pullin
Marla,Kilmon
Chau,Dowler
Paul,Griest
June,Ditullio
Jannie,Faul
Jonathon,Hillary
Jude,Perera
Emilia,Cranston
